scene,profile,image_name,psnr,ssim,lpips,latency_ms
garden,b0,DSC07956.JPG,23.382089614868164,0.802304744720459,0.12196484953165054,14.404369983822107
garden,b0,DSC07964.JPG,22.869327545166016,0.7422003149986267,0.1591571569442749,13.172758044674993
garden,b0,DSC07972.JPG,27.32625389099121,0.8348669409751892,0.10395517945289612,13.48127203527838
garden,b0,DSC07980.JPG,24.156526565551758,0.7795108556747437,0.11399499326944351,13.073234003968537
garden,b0,DSC07988.JPG,20.032140731811523,0.7529512047767639,0.15467198193073273,13.89346702490002
garden,b0,DSC07996.JPG,25.99506187438965,0.8304272294044495,0.12396266311407089,12.776861025486141
garden,b0,DSC08004.JPG,27.98182487487793,0.8735342621803284,0.10243061184883118,12.46084098238498
garden,b0,DSC08012.JPG,28.240856170654297,0.8896229863166809,0.07980284094810486,13.684550009202212
garden,b0,DSC08020.JPG,26.809906005859375,0.8455542922019958,0.10165636241436005,13.51067196810618
garden,b0,DSC08028.JPG,26.825407028198242,0.8397417068481445,0.10882487148046494,13.535343983676285
garden,b0,DSC08036.JPG,25.687461853027344,0.8607163429260254,0.11271077394485474,13.670546002686024
garden,b0,DSC08044.JPG,28.023513793945312,0.8704743385314941,0.09160234779119492,13.472469989210367
garden,b0,DSC08052.JPG,27.2602481842041,0.8417136073112488,0.10992565006017685,13.436211971566081
garden,b0,DSC08060.JPG,28.990982055664062,0.8630076050758362,0.10709495842456818,12.518119998276234
garden,b0,DSC08068.JPG,29.42591094970703,0.8664453625679016,0.10003694146871567,13.300076010636985
garden,b0,DSC08076.JPG,25.600811004638672,0.7978011965751648,0.1196092739701271,13.430840044748038
garden,b0,DSC08084.JPG,27.810226440429688,0.8310259580612183,0.11446724832057953,13.285169028677046
garden,b0,DSC08092.JPG,29.55488395690918,0.8749698996543884,0.11072893440723419,13.021100021433085
garden,b0,DSC08100.JPG,27.337921142578125,0.8613331913948059,0.1104213148355484,13.212963996920735
garden,b0,DSC08108.JPG,28.594640731811523,0.8745588064193726,0.11222848296165466,13.10017000650987
garden,b0,DSC08116.JPG,28.826414108276367,0.8641960620880127,0.10267583280801773,13.325774983968586
garden,b0,DSC08124.JPG,25.66338539123535,0.8162623047828674,0.12380291521549225,12.451649003196508
garden,b0,DSC08132.JPG,27.20477294921875,0.8370127081871033,0.11027152836322784,13.27116199536249
garden,b0,DSC08140.JPG,28.30362892150879,0.8767545819282532,0.08374103903770447,13.600384001620114
garden,b1,DSC07956.JPG,23.724706649780273,0.8194782137870789,0.10570530593395233,11.222788016311824
garden,b1,DSC07964.JPG,22.96784019470215,0.76064532995224,0.13945290446281433,10.99062099820003
garden,b1,DSC07972.JPG,27.77861976623535,0.8492692112922668,0.09040132164955139,10.925145994406193
garden,b1,DSC07980.JPG,24.267072677612305,0.7900639772415161,0.102023184299469,11.012214003130794
garden,b1,DSC07988.JPG,19.91696548461914,0.7682433128356934,0.1398756057024002,11.239614977966994
garden,b1,DSC07996.JPG,26.731216430664062,0.853117823600769,0.09835006296634674,10.177718009799719
garden,b1,DSC08004.JPG,28.575233459472656,0.890298068523407,0.08407780528068542,9.846625034697354
garden,b1,DSC08012.JPG,28.485660552978516,0.9036607146263123,0.06595597416162491,10.20988798700273
garden,b1,DSC08020.JPG,26.973854064941406,0.8565830588340759,0.08737239986658096,10.297518980223686
garden,b1,DSC08028.JPG,24.249387741088867,0.8524947166442871,0.09582250565290451,10.029403027147055
garden,b1,DSC08036.JPG,26.142820358276367,0.8796670436859131,0.08884340524673462,9.56604303792119
garden,b1,DSC08044.JPG,28.35683822631836,0.885326623916626,0.07376442104578018,9.964135999325663
garden,b1,DSC08052.JPG,27.473623275756836,0.8556108474731445,0.09127814322710037,10.289430967532098
garden,b1,DSC08060.JPG,29.562849044799805,0.8843310475349426,0.08452051132917404,10.145639011170715
garden,b1,DSC08068.JPG,29.87579345703125,0.8829615116119385,0.07838835567235947,9.82668501092121
garden,b1,DSC08076.JPG,25.676223754882812,0.8115485310554504,0.09754160046577454,10.110981995239854
garden,b1,DSC08084.JPG,28.077674865722656,0.8454582095146179,0.09247928857803345,9.762405999936163
garden,b1,DSC08092.JPG,30.121803283691406,0.8962382078170776,0.0831124559044838,9.56596399191767
garden,b1,DSC08100.JPG,28.090002059936523,0.8810848593711853,0.0837562084197998,9.874413022771478
garden,b1,DSC08108.JPG,29.22828483581543,0.8940838575363159,0.08981240540742874,9.741491987369955
garden,b1,DSC08116.JPG,29.306325912475586,0.8817348480224609,0.08227654546499252,10.012293001636863
garden,b1,DSC08124.JPG,25.964513778686523,0.8344131112098694,0.09657742083072662,10.045050992630422
garden,b1,DSC08132.JPG,23.414623260498047,0.8260874152183533,0.12190218269824982,9.844837011769414
garden,b1,DSC08140.JPG,28.75765609741211,0.8934124708175659,0.0656229704618454,10.661863023415208
garden,a1,DSC07956.JPG,24.071924209594727,0.8221224546432495,0.10336988419294357,11.11944200238213
garden,a1,DSC07964.JPG,22.148147583007812,0.754482090473175,0.14298653602600098,10.935883037745953
garden,a1,DSC07972.JPG,27.839218139648438,0.850371241569519,0.09003737568855286,10.576041007880121
garden,a1,DSC07980.JPG,24.184295654296875,0.7901341319084167,0.10296781361103058,10.580708971247077
garden,a1,DSC07988.JPG,20.773618698120117,0.7728630900382996,0.13394795358181,11.012944974936545
garden,a1,DSC07996.JPG,26.76374626159668,0.8539401292800903,0.09870705753564835,10.464583989232779
garden,a1,DSC08004.JPG,27.57903289794922,0.8897722959518433,0.0845634788274765,9.943694982212037
garden,a1,DSC08012.JPG,28.649574279785156,0.9037745594978333,0.06551504135131836,9.981351962778717
garden,a1,DSC08020.JPG,26.85699462890625,0.8560998439788818,0.08806239068508148,9.975804015994072
garden,a1,DSC08028.JPG,27.11412239074707,0.8574150800704956,0.09078303724527359,9.972630999982357
garden,a1,DSC08036.JPG,25.543607711791992,0.878737211227417,0.08942270278930664,9.715577005408704
garden,a1,DSC08044.JPG,28.216358184814453,0.885769784450531,0.07374484091997147,9.944921010173857
garden,a1,DSC08052.JPG,27.426137924194336,0.8552704453468323,0.09113656729459763,9.574977972079068
garden,a1,DSC08060.JPG,29.658079147338867,0.8849009275436401,0.08458869159221649,9.790131007321179
garden,a1,DSC08068.JPG,29.705324172973633,0.8831662535667419,0.079594686627388,9.406949975527823
garden,a1,DSC08076.JPG,24.828447341918945,0.8103161454200745,0.09948410093784332,9.681947005447
garden,a1,DSC08084.JPG,28.05950355529785,0.8450846076011658,0.09262527525424957,9.545058012008667
garden,a1,DSC08092.JPG,29.118621826171875,0.8941170573234558,0.09012424945831299,9.338901960290968
garden,a1,DSC08100.JPG,27.58662223815918,0.8814297318458557,0.083097904920578,9.941830998286605
garden,a1,DSC08108.JPG,29.186384201049805,0.8949706554412842,0.08798535168170929,10.046148032415658
garden,a1,DSC08116.JPG,29.086341857910156,0.8812315464019775,0.08366383612155914,10.233419016003609
garden,a1,DSC08124.JPG,25.656291961669922,0.8339394330978394,0.09706118702888489,9.625488019082695
garden,a1,DSC08132.JPG,27.54074478149414,0.85528564453125,0.08757349848747253,9.8104799981229
garden,a1,DSC08140.JPG,28.62452507019043,0.8931561708450317,0.06614173948764801,10.199402982834727
room,b0,DSCF4667.JPG,29.853015899658203,0.9193839430809021,0.07631683349609375,5.213395983446389
room,b0,DSCF4675.JPG,34.87867736816406,0.946494460105896,0.06187392771244049,5.011054978240281
room,b0,DSCF4683.JPG,34.619625091552734,0.9460026621818542,0.06014236807823181,4.637501027900726
room,b0,DSCF4691.JPG,34.6405143737793,0.9483787417411804,0.062312398105859756,4.704987048171461
room,b0,DSCF4699.JPG,33.81387710571289,0.9671642184257507,0.036499980837106705,4.759586008731276
room,b0,DSCF4707.JPG,28.802082061767578,0.9320263862609863,0.07066041231155396,5.400441004894674
room,b0,DSCF4715.JPG,33.35560607910156,0.9445473551750183,0.05966242030262947,4.752671986352652
room,b0,DSCF4723.JPG,32.98276138305664,0.9626973271369934,0.037823278456926346,4.957334022037685
room,b0,DSCF4731.JPG,30.535938262939453,0.9441784620285034,0.06357633322477341,5.075649998616427
room,b0,DSCF4739.JPG,33.960784912109375,0.9668435454368591,0.0300314798951149,4.919510043691844
room,b0,DSCF4747.JPG,33.778987884521484,0.9552294015884399,0.059827450662851334,4.862478002905846
room,b0,DSCF4755.JPG,34.89363479614258,0.9599957466125488,0.05063627287745476,4.458935000002384
room,b0,DSCF4763.JPG,34.42938995361328,0.9628251791000366,0.03198994696140289,4.657483019400388
room,b0,DSCF4771.JPG,32.07545852661133,0.9460278153419495,0.06318143010139465,4.995003982912749
room,b0,DSCF4779.JPG,29.403348922729492,0.9500983357429504,0.05562068521976471,4.922949010506272
room,b0,DSCF4787.JPG,33.013763427734375,0.9238300323486328,0.1113658994436264,4.537975008133799
room,b0,DSCF4795.JPG,31.867216110229492,0.9435006976127625,0.06499139964580536,5.11074997484684
room,b0,DSCF4803.JPG,34.89973449707031,0.966077446937561,0.04894433543086052,4.7891519498080015
room,b0,DSCF4811.JPG,32.01276779174805,0.9608312249183655,0.050693511962890625,4.619894956704229
room,b0,DSCF4819.JPG,29.17721939086914,0.9452961087226868,0.05467431992292404,5.342298012692481
room,b0,DSCF4827.JPG,30.656740188598633,0.9424545168876648,0.06041567027568817,4.69606596743688
room,b0,DSCF4835.JPG,30.213165283203125,0.9191114902496338,0.1347297877073288,4.670276015531272
room,b0,DSCF4843.JPG,32.73990249633789,0.9483715295791626,0.042418718338012695,5.2057019784115255
room,b0,DSCF4851.JPG,27.395483016967773,0.9121618866920471,0.09325198084115982,4.920698993373662
room,b0,DSCF4859.JPG,29.827701568603516,0.9338383078575134,0.08588120341300964,4.642785992473364
room,b0,DSCF4867.JPG,31.90825843811035,0.957358717918396,0.058269258588552475,4.639595979824662
room,b0,DSCF4875.JPG,31.15148162841797,0.934188723564148,0.05915845185518265,4.730608023237437
room,b0,DSCF4883.JPG,32.33975601196289,0.9414304494857788,0.08163532614707947,4.087253008037806
room,b0,DSCF4891.JPG,30.212255477905273,0.9193697571754456,0.1171339675784111,4.191562009509653
room,b0,DSCF4899.JPG,29.420467376708984,0.9256657958030701,0.08247268944978714,4.066969035193324
room,b0,DSCF4907.JPG,31.34097671508789,0.9210248589515686,0.12089709937572479,4.1458600317128
room,b0,DSCF4915.JPG,32.531898498535156,0.8783003687858582,0.18620416522026062,4.311595985200256
room,b0,DSCF4923.JPG,28.36147689819336,0.9369369149208069,0.06232355535030365,4.645904002245516
room,b0,DSCF4931.JPG,29.813180923461914,0.929913341999054,0.0952434092760086,4.2029330506920815
room,b0,DSCF4939.JPG,22.10133171081543,0.9291736483573914,0.18804609775543213,4.130501009058207
room,b0,DSCF4947.JPG,26.887222290039062,0.9424911737442017,0.13736501336097717,4.631114017684013
room,b0,DSCF4955.JPG,23.537906646728516,0.8767012357711792,0.2399548888206482,3.883764031343162
room,b0,DSCF4963.JPG,32.51518249511719,0.957661509513855,0.09181136637926102,4.364846972748637
room,b0,DSCF4971.JPG,31.279617309570312,0.9284898042678833,0.11453991383314133,4.315040016081184
room,b1,DSCF4667.JPG,29.997615814208984,0.92096346616745,0.07499734312295914,3.9783239481039345
room,b1,DSCF4675.JPG,35.05029296875,0.9511235356330872,0.05348534137010574,3.680973022710532
room,b1,DSCF4683.JPG,34.633766174316406,0.9506093263626099,0.049782127141952515,3.549161017872393
room,b1,DSCF4691.JPG,34.59539031982422,0.9526223540306091,0.05201870948076248,3.706497955136001
room,b1,DSCF4699.JPG,33.83285140991211,0.9678669571876526,0.03451746329665184,3.6418689996935427
room,b1,DSCF4707.JPG,28.69841766357422,0.931955873966217,0.06883673369884491,3.823456005193293
room,b1,DSCF4715.JPG,33.44940948486328,0.9497211575508118,0.0495036281645298,3.683965012896806
room,b1,DSCF4723.JPG,33.74789810180664,0.9656868577003479,0.035026442259550095,3.6866869777441025
room,b1,DSCF4731.JPG,30.5978946685791,0.9456305503845215,0.06378060579299927,3.8466789992526174
room,b1,DSCF4739.JPG,34.09885787963867,0.9682329893112183,0.029661310836672783,3.8743059849366546
room,b1,DSCF4747.JPG,33.68315505981445,0.9596723914146423,0.050181105732917786,3.6823879927396774
room,b1,DSCF4755.JPG,34.62358093261719,0.961446225643158,0.04796239361166954,3.3053719671443105
room,b1,DSCF4763.JPG,34.39692687988281,0.9638604521751404,0.02999608963727951,3.5618949914351106
room,b1,DSCF4771.JPG,32.20696258544922,0.949637770652771,0.060517579317092896,3.829635970760137
room,b1,DSCF4779.JPG,29.013858795166016,0.951306164264679,0.05297147110104561,3.5806119558401406
room,b1,DSCF4787.JPG,33.14700698852539,0.9309776425361633,0.09788255393505096,3.4826730261556804
room,b1,DSCF4795.JPG,32.53658676147461,0.9511900544166565,0.05328968167304993,3.866678976919502
room,b1,DSCF4803.JPG,34.87997055053711,0.9659689664840698,0.05012933909893036,3.545660001691431
room,b1,DSCF4811.JPG,31.89518165588379,0.9617882966995239,0.053920187056064606,3.677011001855135
room,b1,DSCF4819.JPG,29.07437515258789,0.9460048079490662,0.0513816773891449,3.8771399995312095
room,b1,DSCF4827.JPG,30.540830612182617,0.9443731904029846,0.0568285807967186,3.560665005352348
room,b1,DSCF4835.JPG,30.198917388916016,0.9187889099121094,0.13641799986362457,3.5844430094584823
room,b1,DSCF4843.JPG,32.77107620239258,0.9500293731689453,0.03783685714006424,3.759785962756723
room,b1,DSCF4851.JPG,27.29840087890625,0.9132434129714966,0.09084318578243256,3.644569020252675
room,b1,DSCF4859.JPG,29.857620239257812,0.934992790222168,0.08377285301685333,3.405757015570998
room,b1,DSCF4867.JPG,32.2186164855957,0.9585254788398743,0.059053804725408554,3.5941540263593197
room,b1,DSCF4875.JPG,30.73434829711914,0.9306240081787109,0.05726710334420204,3.4406809718348086
room,b1,DSCF4883.JPG,32.31059646606445,0.9448044300079346,0.07626499980688095,3.1006880453787744
room,b1,DSCF4891.JPG,30.163375854492188,0.9205082654953003,0.11340267956256866,3.1207319698296487
room,b1,DSCF4899.JPG,29.442604064941406,0.9269933104515076,0.08268453180789948,2.9929709853604436
room,b1,DSCF4907.JPG,31.275131225585938,0.9220463633537292,0.11714540421962738,3.110810008365661
room,b1,DSCF4915.JPG,32.54011154174805,0.8878244161605835,0.15784233808517456,3.237181983422488
room,b1,DSCF4923.JPG,28.35653305053711,0.9389505982398987,0.059748098254203796,3.408219025004655
room,b1,DSCF4931.JPG,29.841949462890625,0.933448314666748,0.09255126863718033,3.076891996897757
room,b1,DSCF4939.JPG,24.355966567993164,0.9405853152275085,0.16961021721363068,3.122878959402442
room,b1,DSCF4947.JPG,26.896068572998047,0.9445309638977051,0.1246449425816536,3.404996998142451
room,b1,DSCF4955.JPG,23.661773681640625,0.8813835978507996,0.23324978351593018,2.929376030806452
room,b1,DSCF4963.JPG,34.37525939941406,0.9619374871253967,0.10019741952419281,3.1701059779152274
room,b1,DSCF4971.JPG,31.119384765625,0.9311877489089966,0.10573749244213104,3.1078389729373157
room,a1,DSCF4667.JPG,30.001365661621094,0.9225307106971741,0.07274089008569717,3.6872089840471745
room,a1,DSCF4675.JPG,34.792030334472656,0.9503946900367737,0.05422304570674896,3.3429760369472206
room,a1,DSCF4683.JPG,34.584381103515625,0.9503026008605957,0.04976780340075493,3.3842750126495957
room,a1,DSCF4691.JPG,34.70272445678711,0.9532462358474731,0.05184270069003105,3.3834169735200703
room,a1,DSCF4699.JPG,33.21082305908203,0.9666893482208252,0.03748215734958649,3.486440982669592
room,a1,DSCF4707.JPG,28.046491622924805,0.9232143759727478,0.06683710962533951,3.6865199799649417
room,a1,DSCF4715.JPG,33.41294479370117,0.9496878385543823,0.049958840012550354,3.446837014053017
room,a1,DSCF4723.JPG,32.22208023071289,0.961848258972168,0.03957574442028999,3.4832420060411096
room,a1,DSCF4731.JPG,30.508609771728516,0.9454425573348999,0.06424698233604431,3.6073519731871784
room,a1,DSCF4739.JPG,33.671287536621094,0.9682039022445679,0.029443128034472466,3.558390017133206
room,a1,DSCF4747.JPG,33.67778778076172,0.9597986936569214,0.050556980073451996,3.4873210242949426
room,a1,DSCF4755.JPG,34.67317199707031,0.9622103571891785,0.04852980375289917,3.325993020553142
room,a1,DSCF4763.JPG,34.13162612915039,0.9645287394523621,0.029768016189336777,3.3984510228037834
room,a1,DSCF4771.JPG,31.8055419921875,0.945561408996582,0.07418686151504517,3.7716419901698828
room,a1,DSCF4779.JPG,27.64814567565918,0.9460746645927429,0.06137268617749214,3.4399289870634675
room,a1,DSCF4787.JPG,32.7795295715332,0.9311062097549438,0.09885464608669281,3.3247380051761866
room,a1,DSCF4795.JPG,31.530475616455078,0.9477329850196838,0.06208300217986107,3.747846989426762
room,a1,DSCF4803.JPG,34.62985610961914,0.965641438961029,0.04971981421113014,3.3778249635361135
room,a1,DSCF4811.JPG,32.0318603515625,0.9620585441589355,0.0535297691822052,3.3935870160348713
room,a1,DSCF4819.JPG,29.146108627319336,0.9475587606430054,0.05309520289301872,3.6400320241227746
room,a1,DSCF4827.JPG,30.400310516357422,0.9446061849594116,0.05683141201734543,3.4219580120407045
room,a1,DSCF4835.JPG,29.779165267944336,0.9175609350204468,0.13538643717765808,3.4271880285814404
room,a1,DSCF4843.JPG,32.376426696777344,0.9495934844017029,0.0383230596780777,3.6019409890286624
room,a1,DSCF4851.JPG,27.178091049194336,0.9133800864219666,0.0933113619685173,3.4360350109636784
room,a1,DSCF4859.JPG,29.522174835205078,0.9350429177284241,0.0829736590385437,3.300078969914466
room,a1,DSCF4867.JPG,32.20222854614258,0.959710955619812,0.05609156936407089,3.3622600021772087
room,a1,DSCF4875.JPG,31.07024574279785,0.9398306012153625,0.0543399378657341,3.2436370383948088
room,a1,DSCF4883.JPG,32.29144287109375,0.9450124502182007,0.07421495020389557,2.9540839605033398
room,a1,DSCF4891.JPG,30.278501510620117,0.9222514033317566,0.11247212439775467,3.084669995587319
room,a1,DSCF4899.JPG,29.4484920501709,0.9280955195426941,0.07905960083007812,2.8789350180886686
room,a1,DSCF4907.JPG,31.265562057495117,0.9228123426437378,0.11496644467115402,2.983361016958952
room,a1,DSCF4915.JPG,32.495086669921875,0.8879007697105408,0.15754231810569763,3.0633489950560033
room,a1,DSCF4923.JPG,26.69887351989746,0.9344030618667603,0.06546585261821747,3.279942029621452
room,a1,DSCF4931.JPG,29.812440872192383,0.9322254061698914,0.09511192888021469,3.0024389852769673
room,a1,DSCF4939.JPG,19.830890655517578,0.9247422218322754,0.17967307567596436,2.8374679968692362
room,a1,DSCF4947.JPG,26.20401954650879,0.939149022102356,0.13916133344173431,3.2802189816720784
room,a1,DSCF4955.JPG,23.29201889038086,0.8752796649932861,0.24344727396965027,2.7971240342594683
room,a1,DSCF4963.JPG,31.986692428588867,0.9567674398422241,0.10085935890674591,3.039101022295654
room,a1,DSCF4971.JPG,31.241233825683594,0.9309239983558655,0.1078295111656189,2.930569986347109
