scene,method,seed,image_name,psnr,ssim,lpips,evaluator_id,checkpoint_sha256
android,B1,42,1extra000.JPG,25.584243774414062,0.8344424962997437,0.15990042686462402,puri-gs-gsplat153-independent-eval-v1,9ea312974862c3cd3b4fdfea07be90b7e3aeb799a8e31ae59902fbc8cfb9db7c
android,B1,42,1extra001.JPG,22.637313842773438,0.7925784587860107,0.19507752358913422,puri-gs-gsplat153-independent-eval-v1,9ea312974862c3cd3b4fdfea07be90b7e3aeb799a8e31ae59902fbc8cfb9db7c
android,B1,42,1extra002.JPG,21.507999420166016,0.7475459575653076,0.21404802799224854,puri-gs-gsplat153-independent-eval-v1,9ea312974862c3cd3b4fdfea07be90b7e3aeb799a8e31ae59902fbc8cfb9db7c
android,B1,42,1extra003.JPG,21.84628677368164,0.6940962672233582,0.2235637754201889,puri-gs-gsplat153-independent-eval-v1,9ea312974862c3cd3b4fdfea07be90b7e3aeb799a8e31ae59902fbc8cfb9db7c
android,B1,42,1extra004.JPG,23.238584518432617,0.8131255507469177,0.13928258419036865,puri-gs-gsplat153-independent-eval-v1,9ea312974862c3cd3b4fdfea07be90b7e3aeb799a8e31ae59902fbc8cfb9db7c
android,B1,42,1extra005.JPG,24.53246307373047,0.7951724529266357,0.12286459654569626,puri-gs-gsplat153-independent-eval-v1,9ea312974862c3cd3b4fdfea07be90b7e3aeb799a8e31ae59902fbc8cfb9db7c
android,B1,42,1extra006.JPG,23.817901611328125,0.75401371717453,0.1684887558221817,puri-gs-gsplat153-independent-eval-v1,9ea312974862c3cd3b4fdfea07be90b7e3aeb799a8e31ae59902fbc8cfb9db7c
android,B1,42,1extra007.JPG,21.360464096069336,0.7012696862220764,0.1869429051876068,puri-gs-gsplat153-independent-eval-v1,9ea312974862c3cd3b4fdfea07be90b7e3aeb799a8e31ae59902fbc8cfb9db7c
android,B1,42,1extra008.JPG,23.430198669433594,0.7621963024139404,0.16020503640174866,puri-gs-gsplat153-independent-eval-v1,9ea312974862c3cd3b4fdfea07be90b7e3aeb799a8e31ae59902fbc8cfb9db7c
android,B1,42,1extra009.JPG,24.013704299926758,0.8381704688072205,0.12134338170289993,puri-gs-gsplat153-independent-eval-v1,9ea312974862c3cd3b4fdfea07be90b7e3aeb799a8e31ae59902fbc8cfb9db7c
android,B1,42,1extra010.JPG,23.959754943847656,0.8023071885108948,0.16048194468021393,puri-gs-gsplat153-independent-eval-v1,9ea312974862c3cd3b4fdfea07be90b7e3aeb799a8e31ae59902fbc8cfb9db7c
android,B1,42,1extra011.JPG,22.999759674072266,0.7910295724868774,0.1325441300868988,puri-gs-gsplat153-independent-eval-v1,9ea312974862c3cd3b4fdfea07be90b7e3aeb799a8e31ae59902fbc8cfb9db7c
android,B1,42,1extra012.JPG,25.760250091552734,0.852103590965271,0.14994817972183228,puri-gs-gsplat153-independent-eval-v1,9ea312974862c3cd3b4fdfea07be90b7e3aeb799a8e31ae59902fbc8cfb9db7c
android,B1,42,1extra013.JPG,22.765029907226562,0.7855821251869202,0.18138490617275238,puri-gs-gsplat153-independent-eval-v1,9ea312974862c3cd3b4fdfea07be90b7e3aeb799a8e31ae59902fbc8cfb9db7c
android,B1,42,1extra014.JPG,22.095928192138672,0.7853170037269592,0.16804489493370056,puri-gs-gsplat153-independent-eval-v1,9ea312974862c3cd3b4fdfea07be90b7e3aeb799a8e31ae59902fbc8cfb9db7c
android,B1,42,1extra015.JPG,25.234088897705078,0.8411897420883179,0.15631791949272156,puri-gs-gsplat153-independent-eval-v1,9ea312974862c3cd3b4fdfea07be90b7e3aeb799a8e31ae59902fbc8cfb9db7c
android,B1,42,1extra016.JPG,22.021068572998047,0.8056978583335876,0.23973220586776733,puri-gs-gsplat153-independent-eval-v1,9ea312974862c3cd3b4fdfea07be90b7e3aeb799a8e31ae59902fbc8cfb9db7c
android,B1,42,1extra017.JPG,23.816022872924805,0.851129949092865,0.17536838352680206,puri-gs-gsplat153-independent-eval-v1,9ea312974862c3cd3b4fdfea07be90b7e3aeb799a8e31ae59902fbc8cfb9db7c
android,B1,42,1extra018.JPG,23.738059997558594,0.8459997177124023,0.18017640709877014,puri-gs-gsplat153-independent-eval-v1,9ea312974862c3cd3b4fdfea07be90b7e3aeb799a8e31ae59902fbc8cfb9db7c
android,RU,42,1extra000.JPG,25.92556381225586,0.8474770188331604,0.17816852033138275,puri-gs-gsplat153-independent-eval-v1,11737109e7742872ca28f9d32591d0252bb6339aa8fc77c41ba314ee3656f73a
android,RU,42,1extra001.JPG,25.12726402282715,0.8272287845611572,0.188264399766922,puri-gs-gsplat153-independent-eval-v1,11737109e7742872ca28f9d32591d0252bb6339aa8fc77c41ba314ee3656f73a
android,RU,42,1extra002.JPG,22.262880325317383,0.7747354507446289,0.22369541227817535,puri-gs-gsplat153-independent-eval-v1,11737109e7742872ca28f9d32591d0252bb6339aa8fc77c41ba314ee3656f73a
android,RU,42,1extra003.JPG,22.464624404907227,0.720615804195404,0.23373791575431824,puri-gs-gsplat153-independent-eval-v1,11737109e7742872ca28f9d32591d0252bb6339aa8fc77c41ba314ee3656f73a
android,RU,42,1extra004.JPG,25.132707595825195,0.8401123285293579,0.13511089980602264,puri-gs-gsplat153-independent-eval-v1,11737109e7742872ca28f9d32591d0252bb6339aa8fc77c41ba314ee3656f73a
android,RU,42,1extra005.JPG,25.4548282623291,0.8169499635696411,0.11460006237030029,puri-gs-gsplat153-independent-eval-v1,11737109e7742872ca28f9d32591d0252bb6339aa8fc77c41ba314ee3656f73a
android,RU,42,1extra006.JPG,24.58967399597168,0.7796532511711121,0.17133696377277374,puri-gs-gsplat153-independent-eval-v1,11737109e7742872ca28f9d32591d0252bb6339aa8fc77c41ba314ee3656f73a
android,RU,42,1extra007.JPG,22.74616050720215,0.7361754775047302,0.16698519885540009,puri-gs-gsplat153-independent-eval-v1,11737109e7742872ca28f9d32591d0252bb6339aa8fc77c41ba314ee3656f73a
android,RU,42,1extra008.JPG,24.04608726501465,0.7826657891273499,0.16001267731189728,puri-gs-gsplat153-independent-eval-v1,11737109e7742872ca28f9d32591d0252bb6339aa8fc77c41ba314ee3656f73a
android,RU,42,1extra009.JPG,24.44171714782715,0.8505001664161682,0.12001508474349976,puri-gs-gsplat153-independent-eval-v1,11737109e7742872ca28f9d32591d0252bb6339aa8fc77c41ba314ee3656f73a
android,RU,42,1extra010.JPG,24.936500549316406,0.8269703388214111,0.14316555857658386,puri-gs-gsplat153-independent-eval-v1,11737109e7742872ca28f9d32591d0252bb6339aa8fc77c41ba314ee3656f73a
android,RU,42,1extra011.JPG,23.749895095825195,0.8113083243370056,0.12862221896648407,puri-gs-gsplat153-independent-eval-v1,11737109e7742872ca28f9d32591d0252bb6339aa8fc77c41ba314ee3656f73a
android,RU,42,1extra012.JPG,27.284889221191406,0.8771319389343262,0.1459549367427826,puri-gs-gsplat153-independent-eval-v1,11737109e7742872ca28f9d32591d0252bb6339aa8fc77c41ba314ee3656f73a
android,RU,42,1extra013.JPG,24.385400772094727,0.8226730823516846,0.15868066251277924,puri-gs-gsplat153-independent-eval-v1,11737109e7742872ca28f9d32591d0252bb6339aa8fc77c41ba314ee3656f73a
android,RU,42,1extra014.JPG,22.888715744018555,0.8110156059265137,0.1697751134634018,puri-gs-gsplat153-independent-eval-v1,11737109e7742872ca28f9d32591d0252bb6339aa8fc77c41ba314ee3656f73a
android,RU,42,1extra015.JPG,26.908403396606445,0.8772357106208801,0.15003667771816254,puri-gs-gsplat153-independent-eval-v1,11737109e7742872ca28f9d32591d0252bb6339aa8fc77c41ba314ee3656f73a
android,RU,42,1extra016.JPG,25.615257263183594,0.8578475117683411,0.19613021612167358,puri-gs-gsplat153-independent-eval-v1,11737109e7742872ca28f9d32591d0252bb6339aa8fc77c41ba314ee3656f73a
android,RU,42,1extra017.JPG,25.907114028930664,0.8795668482780457,0.16558760404586792,puri-gs-gsplat153-independent-eval-v1,11737109e7742872ca28f9d32591d0252bb6339aa8fc77c41ba314ee3656f73a
android,RU,42,1extra018.JPG,24.42840576171875,0.8626882433891296,0.17937488853931427,puri-gs-gsplat153-independent-eval-v1,11737109e7742872ca28f9d32591d0252bb6339aa8fc77c41ba314ee3656f73a
patio_high,B1,42,extra_0000_IMG_8467.png,11.037875175476074,0.2869654595851898,0.7453433871269226,puri-gs-gsplat153-independent-eval-v1,31f618c78c6444b69b499d3b616f09382dba0e76e6c96952ccb5806ea3873503
patio_high,B1,42,extra_0001_IMG_8468.png,11.828033447265625,0.3563733398914337,0.7934924364089966,puri-gs-gsplat153-independent-eval-v1,31f618c78c6444b69b499d3b616f09382dba0e76e6c96952ccb5806ea3873503
patio_high,B1,42,extra_0002_IMG_8469.png,10.934950828552246,0.31453853845596313,0.7650456428527832,puri-gs-gsplat153-independent-eval-v1,31f618c78c6444b69b499d3b616f09382dba0e76e6c96952ccb5806ea3873503
patio_high,B1,42,extra_0003_IMG_8470.png,11.836993217468262,0.36335307359695435,0.6491137146949768,puri-gs-gsplat153-independent-eval-v1,31f618c78c6444b69b499d3b616f09382dba0e76e6c96952ccb5806ea3873503
patio_high,B1,42,extra_0004_IMG_8471.png,12.804259300231934,0.36856701970100403,0.6845122575759888,puri-gs-gsplat153-independent-eval-v1,31f618c78c6444b69b499d3b616f09382dba0e76e6c96952ccb5806ea3873503
patio_high,B1,42,extra_0005_IMG_8472.png,14.701787948608398,0.4044473469257355,0.5877156853675842,puri-gs-gsplat153-independent-eval-v1,31f618c78c6444b69b499d3b616f09382dba0e76e6c96952ccb5806ea3873503
patio_high,B1,42,extra_0006_IMG_8473.png,12.234460830688477,0.4648074805736542,0.5629937052726746,puri-gs-gsplat153-independent-eval-v1,31f618c78c6444b69b499d3b616f09382dba0e76e6c96952ccb5806ea3873503
patio_high,B1,42,extra_0007_IMG_8474.png,13.543269157409668,0.4735108017921448,0.5063421130180359,puri-gs-gsplat153-independent-eval-v1,31f618c78c6444b69b499d3b616f09382dba0e76e6c96952ccb5806ea3873503
patio_high,B1,42,extra_0008_IMG_8475.png,16.517898559570312,0.5447013974189758,0.40210479497909546,puri-gs-gsplat153-independent-eval-v1,31f618c78c6444b69b499d3b616f09382dba0e76e6c96952ccb5806ea3873503
patio_high,B1,42,extra_0009_IMG_8476.png,17.10758399963379,0.4842265248298645,0.35775378346443176,puri-gs-gsplat153-independent-eval-v1,31f618c78c6444b69b499d3b616f09382dba0e76e6c96952ccb5806ea3873503
patio_high,B1,42,extra_0010_IMG_8477.png,19.521455764770508,0.5867257714271545,0.34305229783058167,puri-gs-gsplat153-independent-eval-v1,31f618c78c6444b69b499d3b616f09382dba0e76e6c96952ccb5806ea3873503
patio_high,B1,42,extra_0011_IMG_8478.png,18.52495002746582,0.5135485529899597,0.4456981122493744,puri-gs-gsplat153-independent-eval-v1,31f618c78c6444b69b499d3b616f09382dba0e76e6c96952ccb5806ea3873503
patio_high,B1,42,extra_0012_IMG_8479.png,18.403390884399414,0.5408217906951904,0.27876371145248413,puri-gs-gsplat153-independent-eval-v1,31f618c78c6444b69b499d3b616f09382dba0e76e6c96952ccb5806ea3873503
patio_high,B1,42,extra_0013_IMG_8480.png,20.3632869720459,0.6139472723007202,0.326682984828949,puri-gs-gsplat153-independent-eval-v1,31f618c78c6444b69b499d3b616f09382dba0e76e6c96952ccb5806ea3873503
patio_high,B1,42,extra_0014_IMG_8481.png,20.007200241088867,0.5641451478004456,0.44637182354927063,puri-gs-gsplat153-independent-eval-v1,31f618c78c6444b69b499d3b616f09382dba0e76e6c96952ccb5806ea3873503
patio_high,B1,42,extra_0015_IMG_8482.png,18.676870346069336,0.6453261375427246,0.25040820240974426,puri-gs-gsplat153-independent-eval-v1,31f618c78c6444b69b499d3b616f09382dba0e76e6c96952ccb5806ea3873503
patio_high,B1,42,extra_0016_IMG_8483.png,20.304515838623047,0.6478258967399597,0.28557971119880676,puri-gs-gsplat153-independent-eval-v1,31f618c78c6444b69b499d3b616f09382dba0e76e6c96952ccb5806ea3873503
patio_high,B1,42,extra_0017_IMG_8484.png,20.251426696777344,0.5742618441581726,0.4291136860847473,puri-gs-gsplat153-independent-eval-v1,31f618c78c6444b69b499d3b616f09382dba0e76e6c96952ccb5806ea3873503
patio_high,B1,42,extra_0018_IMG_8485.png,16.84446907043457,0.5926153063774109,0.32634836435317993,puri-gs-gsplat153-independent-eval-v1,31f618c78c6444b69b499d3b616f09382dba0e76e6c96952ccb5806ea3873503
patio_high,B1,42,extra_0019_IMG_8486.png,20.325103759765625,0.6591789126396179,0.2941873073577881,puri-gs-gsplat153-independent-eval-v1,31f618c78c6444b69b499d3b616f09382dba0e76e6c96952ccb5806ea3873503
patio_high,B1,42,extra_0020_IMG_8487.png,16.83637237548828,0.5466198921203613,0.5106889009475708,puri-gs-gsplat153-independent-eval-v1,31f618c78c6444b69b499d3b616f09382dba0e76e6c96952ccb5806ea3873503
patio_high,B1,42,extra_0021_IMG_8488.png,14.239925384521484,0.5166986584663391,0.44531404972076416,puri-gs-gsplat153-independent-eval-v1,31f618c78c6444b69b499d3b616f09382dba0e76e6c96952ccb5806ea3873503
patio_high,B1,42,extra_0022_IMG_8489.png,17.835918426513672,0.6780164241790771,0.2962976396083832,puri-gs-gsplat153-independent-eval-v1,31f618c78c6444b69b499d3b616f09382dba0e76e6c96952ccb5806ea3873503
patio_high,B1,42,extra_0023_IMG_8490.png,18.795530319213867,0.5247106552124023,0.5180468559265137,puri-gs-gsplat153-independent-eval-v1,31f618c78c6444b69b499d3b616f09382dba0e76e6c96952ccb5806ea3873503
patio_high,B1,42,extra_0024_IMG_8491.png,11.64278793334961,0.3651043176651001,0.8236660361289978,puri-gs-gsplat153-independent-eval-v1,31f618c78c6444b69b499d3b616f09382dba0e76e6c96952ccb5806ea3873503
patio_high,B1,42,extra_0025_IMG_8492.png,11.768876075744629,0.46266624331474304,0.6248128414154053,puri-gs-gsplat153-independent-eval-v1,31f618c78c6444b69b499d3b616f09382dba0e76e6c96952ccb5806ea3873503
patio_high,B1,42,extra_0026_IMG_8493.png,8.03835391998291,0.3069179654121399,0.8654168844223022,puri-gs-gsplat153-independent-eval-v1,31f618c78c6444b69b499d3b616f09382dba0e76e6c96952ccb5806ea3873503
patio_high,B1,42,extra_0027_IMG_8494.png,12.603952407836914,0.3182271122932434,0.8303942680358887,puri-gs-gsplat153-independent-eval-v1,31f618c78c6444b69b499d3b616f09382dba0e76e6c96952ccb5806ea3873503
patio_high,B1,42,extra_0028_IMG_8495.png,18.026647567749023,0.5830153822898865,0.406315416097641,puri-gs-gsplat153-independent-eval-v1,31f618c78c6444b69b499d3b616f09382dba0e76e6c96952ccb5806ea3873503
patio_high,B1,42,extra_0029_IMG_8496.png,14.597116470336914,0.34131932258605957,0.7426285743713379,puri-gs-gsplat153-independent-eval-v1,31f618c78c6444b69b499d3b616f09382dba0e76e6c96952ccb5806ea3873503
patio_high,B1,42,extra_0030_IMG_8497.png,12.775242805480957,0.2756500244140625,0.8699203729629517,puri-gs-gsplat153-independent-eval-v1,31f618c78c6444b69b499d3b616f09382dba0e76e6c96952ccb5806ea3873503
patio_high,B1,42,extra_0031_IMG_8498.png,12.94723892211914,0.31038546562194824,0.7299283742904663,puri-gs-gsplat153-independent-eval-v1,31f618c78c6444b69b499d3b616f09382dba0e76e6c96952ccb5806ea3873503
patio_high,B1,42,extra_0032_IMG_8499.png,13.492070198059082,0.3651941418647766,0.667870044708252,puri-gs-gsplat153-independent-eval-v1,31f618c78c6444b69b499d3b616f09382dba0e76e6c96952ccb5806ea3873503
patio_high,B1,42,extra_0033_IMG_8500.png,9.841328620910645,0.28238803148269653,0.9459449648857117,puri-gs-gsplat153-independent-eval-v1,31f618c78c6444b69b499d3b616f09382dba0e76e6c96952ccb5806ea3873503
patio_high,B1,42,extra_0034_IMG_8501.png,11.209012985229492,0.23931880295276642,0.8812503218650818,puri-gs-gsplat153-independent-eval-v1,31f618c78c6444b69b499d3b616f09382dba0e76e6c96952ccb5806ea3873503
patio_high,B1,42,extra_0035_IMG_8502.png,11.140851020812988,0.22086790204048157,0.8404232859611511,puri-gs-gsplat153-independent-eval-v1,31f618c78c6444b69b499d3b616f09382dba0e76e6c96952ccb5806ea3873503
patio_high,B1,42,extra_0036_IMG_8503.png,9.863536834716797,0.28461846709251404,0.8319324851036072,puri-gs-gsplat153-independent-eval-v1,31f618c78c6444b69b499d3b616f09382dba0e76e6c96952ccb5806ea3873503
patio_high,B1,42,extra_0037_IMG_8504.png,10.157999038696289,0.25681135058403015,0.9141137599945068,puri-gs-gsplat153-independent-eval-v1,31f618c78c6444b69b499d3b616f09382dba0e76e6c96952ccb5806ea3873503
patio_high,B1,42,extra_0038_IMG_8505.png,11.061599731445312,0.2567727863788605,0.8110462427139282,puri-gs-gsplat153-independent-eval-v1,31f618c78c6444b69b499d3b616f09382dba0e76e6c96952ccb5806ea3873503
patio_high,B1,42,extra_0039_IMG_8506.png,11.111250877380371,0.30255648493766785,0.8225171566009521,puri-gs-gsplat153-independent-eval-v1,31f618c78c6444b69b499d3b616f09382dba0e76e6c96952ccb5806ea3873503
patio_high,B1,42,extra_0040_IMG_8507.png,10.782693862915039,0.3171408474445343,0.8412889242172241,puri-gs-gsplat153-independent-eval-v1,31f618c78c6444b69b499d3b616f09382dba0e76e6c96952ccb5806ea3873503
patio_high,B1,42,extra_0041_IMG_8508.png,10.146916389465332,0.31071341037750244,0.7727891206741333,puri-gs-gsplat153-independent-eval-v1,31f618c78c6444b69b499d3b616f09382dba0e76e6c96952ccb5806ea3873503
patio_high,B1,42,extra_0042_IMG_8509.png,11.752901077270508,0.32501035928726196,0.8669554591178894,puri-gs-gsplat153-independent-eval-v1,31f618c78c6444b69b499d3b616f09382dba0e76e6c96952ccb5806ea3873503
patio_high,B1,42,extra_0043_IMG_8510.png,12.352948188781738,0.4271980822086334,0.8164781332015991,puri-gs-gsplat153-independent-eval-v1,31f618c78c6444b69b499d3b616f09382dba0e76e6c96952ccb5806ea3873503
patio_high,B1,42,extra_0044_IMG_8511.png,10.961615562438965,0.30707666277885437,0.8106066584587097,puri-gs-gsplat153-independent-eval-v1,31f618c78c6444b69b499d3b616f09382dba0e76e6c96952ccb5806ea3873503
patio_high,RU,42,extra_0000_IMG_8467.png,16.415550231933594,0.5782318115234375,0.34865933656692505,puri-gs-gsplat153-independent-eval-v1,b3c9fca6ed4470c8a66aba31e2917bf52baa9fed6d2f12a99589ff4fbddce1ae
patio_high,RU,42,extra_0001_IMG_8468.png,21.650745391845703,0.7079634070396423,0.27775096893310547,puri-gs-gsplat153-independent-eval-v1,b3c9fca6ed4470c8a66aba31e2917bf52baa9fed6d2f12a99589ff4fbddce1ae
patio_high,RU,42,extra_0002_IMG_8469.png,22.10194969177246,0.697168231010437,0.2503131628036499,puri-gs-gsplat153-independent-eval-v1,b3c9fca6ed4470c8a66aba31e2917bf52baa9fed6d2f12a99589ff4fbddce1ae
patio_high,RU,42,extra_0003_IMG_8470.png,17.784360885620117,0.6154314875602722,0.3172958493232727,puri-gs-gsplat153-independent-eval-v1,b3c9fca6ed4470c8a66aba31e2917bf52baa9fed6d2f12a99589ff4fbddce1ae
patio_high,RU,42,extra_0004_IMG_8471.png,20.22639274597168,0.6549628973007202,0.2689841389656067,puri-gs-gsplat153-independent-eval-v1,b3c9fca6ed4470c8a66aba31e2917bf52baa9fed6d2f12a99589ff4fbddce1ae
patio_high,RU,42,extra_0005_IMG_8472.png,19.967531204223633,0.6074673533439636,0.29584476351737976,puri-gs-gsplat153-independent-eval-v1,b3c9fca6ed4470c8a66aba31e2917bf52baa9fed6d2f12a99589ff4fbddce1ae
patio_high,RU,42,extra_0006_IMG_8473.png,20.052947998046875,0.6632702350616455,0.25450724363327026,puri-gs-gsplat153-independent-eval-v1,b3c9fca6ed4470c8a66aba31e2917bf52baa9fed6d2f12a99589ff4fbddce1ae
patio_high,RU,42,extra_0007_IMG_8474.png,21.64851188659668,0.6810373663902283,0.2466457188129425,puri-gs-gsplat153-independent-eval-v1,b3c9fca6ed4470c8a66aba31e2917bf52baa9fed6d2f12a99589ff4fbddce1ae
patio_high,RU,42,extra_0008_IMG_8475.png,21.295780181884766,0.6974970102310181,0.23292088508605957,puri-gs-gsplat153-independent-eval-v1,b3c9fca6ed4470c8a66aba31e2917bf52baa9fed6d2f12a99589ff4fbddce1ae
patio_high,RU,42,extra_0009_IMG_8476.png,18.73524284362793,0.5593207478523254,0.3199518918991089,puri-gs-gsplat153-independent-eval-v1,b3c9fca6ed4470c8a66aba31e2917bf52baa9fed6d2f12a99589ff4fbddce1ae
patio_high,RU,42,extra_0010_IMG_8477.png,22.361421585083008,0.70207279920578,0.251714289188385,puri-gs-gsplat153-independent-eval-v1,b3c9fca6ed4470c8a66aba31e2917bf52baa9fed6d2f12a99589ff4fbddce1ae
patio_high,RU,42,extra_0011_IMG_8478.png,21.773395538330078,0.6405614018440247,0.3281741142272949,puri-gs-gsplat153-independent-eval-v1,b3c9fca6ed4470c8a66aba31e2917bf52baa9fed6d2f12a99589ff4fbddce1ae
patio_high,RU,42,extra_0012_IMG_8479.png,17.803876876831055,0.546853244304657,0.34448912739753723,puri-gs-gsplat153-independent-eval-v1,b3c9fca6ed4470c8a66aba31e2917bf52baa9fed6d2f12a99589ff4fbddce1ae
patio_high,RU,42,extra_0013_IMG_8480.png,21.002803802490234,0.6560730338096619,0.304953008890152,puri-gs-gsplat153-independent-eval-v1,b3c9fca6ed4470c8a66aba31e2917bf52baa9fed6d2f12a99589ff4fbddce1ae
patio_high,RU,42,extra_0014_IMG_8481.png,21.28404426574707,0.6180114150047302,0.38254842162132263,puri-gs-gsplat153-independent-eval-v1,b3c9fca6ed4470c8a66aba31e2917bf52baa9fed6d2f12a99589ff4fbddce1ae
patio_high,RU,42,extra_0015_IMG_8482.png,16.469255447387695,0.6496422290802002,0.30571427941322327,puri-gs-gsplat153-independent-eval-v1,b3c9fca6ed4470c8a66aba31e2917bf52baa9fed6d2f12a99589ff4fbddce1ae
patio_high,RU,42,extra_0016_IMG_8483.png,21.69286346435547,0.6826761364936829,0.2816457450389862,puri-gs-gsplat153-independent-eval-v1,b3c9fca6ed4470c8a66aba31e2917bf52baa9fed6d2f12a99589ff4fbddce1ae
patio_high,RU,42,extra_0017_IMG_8484.png,22.057527542114258,0.632372260093689,0.36041826009750366,puri-gs-gsplat153-independent-eval-v1,b3c9fca6ed4470c8a66aba31e2917bf52baa9fed6d2f12a99589ff4fbddce1ae
patio_high,RU,42,extra_0018_IMG_8485.png,17.205434799194336,0.6400637030601501,0.33028876781463623,puri-gs-gsplat153-independent-eval-v1,b3c9fca6ed4470c8a66aba31e2917bf52baa9fed6d2f12a99589ff4fbddce1ae
patio_high,RU,42,extra_0019_IMG_8486.png,22.619497299194336,0.7033753991127014,0.2753138244152069,puri-gs-gsplat153-independent-eval-v1,b3c9fca6ed4470c8a66aba31e2917bf52baa9fed6d2f12a99589ff4fbddce1ae
patio_high,RU,42,extra_0020_IMG_8487.png,22.43779754638672,0.6761466860771179,0.33720001578330994,puri-gs-gsplat153-independent-eval-v1,b3c9fca6ed4470c8a66aba31e2917bf52baa9fed6d2f12a99589ff4fbddce1ae
patio_high,RU,42,extra_0021_IMG_8488.png,11.767326354980469,0.520972728729248,0.4662380814552307,puri-gs-gsplat153-independent-eval-v1,b3c9fca6ed4470c8a66aba31e2917bf52baa9fed6d2f12a99589ff4fbddce1ae
patio_high,RU,42,extra_0022_IMG_8489.png,16.82395362854004,0.7241045236587524,0.27061912417411804,puri-gs-gsplat153-independent-eval-v1,b3c9fca6ed4470c8a66aba31e2917bf52baa9fed6d2f12a99589ff4fbddce1ae
patio_high,RU,42,extra_0023_IMG_8490.png,21.743703842163086,0.6412301063537598,0.36288556456565857,puri-gs-gsplat153-independent-eval-v1,b3c9fca6ed4470c8a66aba31e2917bf52baa9fed6d2f12a99589ff4fbddce1ae
patio_high,RU,42,extra_0024_IMG_8491.png,17.084217071533203,0.6290821433067322,0.28980088233947754,puri-gs-gsplat153-independent-eval-v1,b3c9fca6ed4470c8a66aba31e2917bf52baa9fed6d2f12a99589ff4fbddce1ae
patio_high,RU,42,extra_0025_IMG_8492.png,17.700775146484375,0.6682819724082947,0.2468709647655487,puri-gs-gsplat153-independent-eval-v1,b3c9fca6ed4470c8a66aba31e2917bf52baa9fed6d2f12a99589ff4fbddce1ae
patio_high,RU,42,extra_0026_IMG_8493.png,14.772808074951172,0.42515209317207336,0.5955386161804199,puri-gs-gsplat153-independent-eval-v1,b3c9fca6ed4470c8a66aba31e2917bf52baa9fed6d2f12a99589ff4fbddce1ae
patio_high,RU,42,extra_0027_IMG_8494.png,18.013002395629883,0.6483305096626282,0.3044498860836029,puri-gs-gsplat153-independent-eval-v1,b3c9fca6ed4470c8a66aba31e2917bf52baa9fed6d2f12a99589ff4fbddce1ae
patio_high,RU,42,extra_0028_IMG_8495.png,21.550827026367188,0.7555506229400635,0.22823841869831085,puri-gs-gsplat153-independent-eval-v1,b3c9fca6ed4470c8a66aba31e2917bf52baa9fed6d2f12a99589ff4fbddce1ae
patio_high,RU,42,extra_0029_IMG_8496.png,23.701229095458984,0.7414024472236633,0.2533811926841736,puri-gs-gsplat153-independent-eval-v1,b3c9fca6ed4470c8a66aba31e2917bf52baa9fed6d2f12a99589ff4fbddce1ae
patio_high,RU,42,extra_0030_IMG_8497.png,19.86480712890625,0.6096600890159607,0.2911457419395447,puri-gs-gsplat153-independent-eval-v1,b3c9fca6ed4470c8a66aba31e2917bf52baa9fed6d2f12a99589ff4fbddce1ae
patio_high,RU,42,extra_0031_IMG_8498.png,20.312149047851562,0.6381974816322327,0.2835319936275482,puri-gs-gsplat153-independent-eval-v1,b3c9fca6ed4470c8a66aba31e2917bf52baa9fed6d2f12a99589ff4fbddce1ae
patio_high,RU,42,extra_0032_IMG_8499.png,21.39566993713379,0.6904706358909607,0.24992913007736206,puri-gs-gsplat153-independent-eval-v1,b3c9fca6ed4470c8a66aba31e2917bf52baa9fed6d2f12a99589ff4fbddce1ae
patio_high,RU,42,extra_0033_IMG_8500.png,18.66446304321289,0.6997267007827759,0.2586224377155304,puri-gs-gsplat153-independent-eval-v1,b3c9fca6ed4470c8a66aba31e2917bf52baa9fed6d2f12a99589ff4fbddce1ae
patio_high,RU,42,extra_0034_IMG_8501.png,20.348421096801758,0.7160265445709229,0.2332090139389038,puri-gs-gsplat153-independent-eval-v1,b3c9fca6ed4470c8a66aba31e2917bf52baa9fed6d2f12a99589ff4fbddce1ae
patio_high,RU,42,extra_0035_IMG_8502.png,20.53631019592285,0.7204908132553101,0.23402747511863708,puri-gs-gsplat153-independent-eval-v1,b3c9fca6ed4470c8a66aba31e2917bf52baa9fed6d2f12a99589ff4fbddce1ae
patio_high,RU,42,extra_0036_IMG_8503.png,14.764154434204102,0.6185470223426819,0.32498782873153687,puri-gs-gsplat153-independent-eval-v1,b3c9fca6ed4470c8a66aba31e2917bf52baa9fed6d2f12a99589ff4fbddce1ae
patio_high,RU,42,extra_0037_IMG_8504.png,18.638450622558594,0.6780363917350769,0.2680799663066864,puri-gs-gsplat153-independent-eval-v1,b3c9fca6ed4470c8a66aba31e2917bf52baa9fed6d2f12a99589ff4fbddce1ae
patio_high,RU,42,extra_0038_IMG_8505.png,20.229896545410156,0.700961172580719,0.23822441697120667,puri-gs-gsplat153-independent-eval-v1,b3c9fca6ed4470c8a66aba31e2917bf52baa9fed6d2f12a99589ff4fbddce1ae
patio_high,RU,42,extra_0039_IMG_8506.png,17.373931884765625,0.616416335105896,0.32191002368927,puri-gs-gsplat153-independent-eval-v1,b3c9fca6ed4470c8a66aba31e2917bf52baa9fed6d2f12a99589ff4fbddce1ae
patio_high,RU,42,extra_0040_IMG_8507.png,19.762697219848633,0.6877875328063965,0.23946082592010498,puri-gs-gsplat153-independent-eval-v1,b3c9fca6ed4470c8a66aba31e2917bf52baa9fed6d2f12a99589ff4fbddce1ae
patio_high,RU,42,extra_0041_IMG_8508.png,20.6235408782959,0.7154458165168762,0.23436325788497925,puri-gs-gsplat153-independent-eval-v1,b3c9fca6ed4470c8a66aba31e2917bf52baa9fed6d2f12a99589ff4fbddce1ae
patio_high,RU,42,extra_0042_IMG_8509.png,16.19099998474121,0.6374303698539734,0.31634044647216797,puri-gs-gsplat153-independent-eval-v1,b3c9fca6ed4470c8a66aba31e2917bf52baa9fed6d2f12a99589ff4fbddce1ae
patio_high,RU,42,extra_0043_IMG_8510.png,17.409751892089844,0.704316258430481,0.2978688180446625,puri-gs-gsplat153-independent-eval-v1,b3c9fca6ed4470c8a66aba31e2917bf52baa9fed6d2f12a99589ff4fbddce1ae
patio_high,RU,42,extra_0044_IMG_8511.png,14.474967002868652,0.5299161076545715,0.4308373034000397,puri-gs-gsplat153-independent-eval-v1,b3c9fca6ed4470c8a66aba31e2917bf52baa9fed6d2f12a99589ff4fbddce1ae
room,B1,42,DSCF4667.JPG,31.268447875976562,0.9432821273803711,0.05105740576982498,puri-gs-gsplat153-independent-eval-v1,
room,B1,42,DSCF4675.JPG,35.249603271484375,0.9573495388031006,0.04165233299136162,puri-gs-gsplat153-independent-eval-v1,
room,B1,42,DSCF4683.JPG,36.456241607666016,0.9642401933670044,0.02949368581175804,puri-gs-gsplat153-independent-eval-v1,
room,B1,42,DSCF4691.JPG,35.249759674072266,0.9631627798080444,0.03371763601899147,puri-gs-gsplat153-independent-eval-v1,
room,B1,42,DSCF4699.JPG,34.663795471191406,0.9742827415466309,0.03034215420484543,puri-gs-gsplat153-independent-eval-v1,
room,B1,42,DSCF4707.JPG,30.36078453063965,0.9434239268302917,0.049546174705028534,puri-gs-gsplat153-independent-eval-v1,
room,B1,42,DSCF4715.JPG,34.11541748046875,0.9604921340942383,0.030997715890407562,puri-gs-gsplat153-independent-eval-v1,
room,B1,42,DSCF4723.JPG,34.15443420410156,0.9722327589988708,0.026302579790353775,puri-gs-gsplat153-independent-eval-v1,
room,B1,42,DSCF4731.JPG,31.44987678527832,0.9502050280570984,0.05247725546360016,puri-gs-gsplat153-independent-eval-v1,
room,B1,42,DSCF4739.JPG,30.429197311401367,0.9527795314788818,0.02980629727244377,puri-gs-gsplat153-independent-eval-v1,
room,B1,42,DSCF4747.JPG,34.259368896484375,0.9689333438873291,0.035466212779283524,puri-gs-gsplat153-independent-eval-v1,
room,B1,42,DSCF4755.JPG,36.05802917480469,0.9671314358711243,0.038994334638118744,puri-gs-gsplat153-independent-eval-v1,
room,B1,42,DSCF4763.JPG,35.98735046386719,0.9699947834014893,0.024308213964104652,puri-gs-gsplat153-independent-eval-v1,
room,B1,42,DSCF4771.JPG,33.01031494140625,0.9577837586402893,0.04767560958862305,puri-gs-gsplat153-independent-eval-v1,
room,B1,42,DSCF4779.JPG,28.231904983520508,0.9507248997688293,0.050674982368946075,puri-gs-gsplat153-independent-eval-v1,
room,B1,42,DSCF4787.JPG,34.978397369384766,0.948499858379364,0.07076019048690796,puri-gs-gsplat153-independent-eval-v1,
room,B1,42,DSCF4795.JPG,32.99089050292969,0.9558835029602051,0.04556674882769585,puri-gs-gsplat153-independent-eval-v1,
room,B1,42,DSCF4803.JPG,5.739653587341309,0.37706708908081055,0.5537710189819336,puri-gs-gsplat153-independent-eval-v1,
room,B1,42,DSCF4811.JPG,34.10759735107422,0.9666903614997864,0.04701275750994682,puri-gs-gsplat153-independent-eval-v1,
room,B1,42,DSCF4819.JPG,30.107120513916016,0.9554192423820496,0.03920484334230423,puri-gs-gsplat153-independent-eval-v1,
room,B1,42,DSCF4827.JPG,32.28703308105469,0.9553722143173218,0.03897484391927719,puri-gs-gsplat153-independent-eval-v1,
room,B1,42,DSCF4835.JPG,30.951311111450195,0.9184236526489258,0.1394653171300888,puri-gs-gsplat153-independent-eval-v1,
room,B1,42,DSCF4843.JPG,34.557518005371094,0.9609736800193787,0.02610127627849579,puri-gs-gsplat153-independent-eval-v1,
room,B1,42,DSCF4851.JPG,28.35492515563965,0.9263330101966858,0.07055404782295227,puri-gs-gsplat153-independent-eval-v1,
room,B1,42,DSCF4859.JPG,31.616207122802734,0.9423084259033203,0.07204640656709671,puri-gs-gsplat153-independent-eval-v1,
room,B1,42,DSCF4867.JPG,33.57182312011719,0.9606317281723022,0.053383491933345795,puri-gs-gsplat153-independent-eval-v1,
room,B1,42,DSCF4875.JPG,30.603811264038086,0.9340108036994934,0.0439249724149704,puri-gs-gsplat153-independent-eval-v1,
room,B1,42,DSCF4883.JPG,32.21319580078125,0.94427490234375,0.07202472537755966,puri-gs-gsplat153-independent-eval-v1,
room,B1,42,DSCF4891.JPG,31.99286460876465,0.9435214400291443,0.08095160871744156,puri-gs-gsplat153-independent-eval-v1,
room,B1,42,DSCF4899.JPG,29.689472198486328,0.9428442716598511,0.05996256321668625,puri-gs-gsplat153-independent-eval-v1,
room,B1,42,DSCF4907.JPG,31.88607406616211,0.9169528484344482,0.11405183374881744,puri-gs-gsplat153-independent-eval-v1,
room,B1,42,DSCF4915.JPG,33.21405792236328,0.9050339460372925,0.12517650425434113,puri-gs-gsplat153-independent-eval-v1,
room,B1,42,DSCF4923.JPG,27.33972930908203,0.9388240575790405,0.057614631950855255,puri-gs-gsplat153-independent-eval-v1,
room,B1,42,DSCF4931.JPG,30.653566360473633,0.943284809589386,0.07288901507854462,puri-gs-gsplat153-independent-eval-v1,
room,B1,42,DSCF4939.JPG,25.648170471191406,0.9403510689735413,0.15227070450782776,puri-gs-gsplat153-independent-eval-v1,
room,B1,42,DSCF4947.JPG,30.395849227905273,0.9508942365646362,0.09470890462398529,puri-gs-gsplat153-independent-eval-v1,
room,B1,42,DSCF4955.JPG,23.113487243652344,0.8838352560997009,0.20722070336341858,puri-gs-gsplat153-independent-eval-v1,
room,B1,42,DSCF4963.JPG,32.582366943359375,0.958418607711792,0.0950554609298706,puri-gs-gsplat153-independent-eval-v1,
room,B1,42,DSCF4971.JPG,31.43366050720215,0.9339081645011902,0.08686738461256027,puri-gs-gsplat153-independent-eval-v1,
room,RU,42,DSCF4667.JPG,30.603816986083984,0.9361394643783569,0.06264466047286987,puri-gs-gsplat153-independent-eval-v1,
room,RU,42,DSCF4675.JPG,34.877864837646484,0.9522364139556885,0.05061696097254753,puri-gs-gsplat153-independent-eval-v1,
room,RU,42,DSCF4683.JPG,36.09415817260742,0.9578012824058533,0.04068426415324211,puri-gs-gsplat153-independent-eval-v1,
room,RU,42,DSCF4691.JPG,34.736995697021484,0.9560074210166931,0.04694562032818794,puri-gs-gsplat153-independent-eval-v1,
room,RU,42,DSCF4699.JPG,34.607872009277344,0.9730396270751953,0.030805107206106186,puri-gs-gsplat153-independent-eval-v1,
room,RU,42,DSCF4707.JPG,29.207256317138672,0.9384153485298157,0.06568514555692673,puri-gs-gsplat153-independent-eval-v1,
room,RU,42,DSCF4715.JPG,33.93459701538086,0.9553067684173584,0.03978285193443298,puri-gs-gsplat153-independent-eval-v1,
room,RU,42,DSCF4723.JPG,34.7974967956543,0.9717407822608948,0.031135927885770798,puri-gs-gsplat153-independent-eval-v1,
room,RU,42,DSCF4731.JPG,31.37293243408203,0.950910747051239,0.061585433781147,puri-gs-gsplat153-independent-eval-v1,
room,RU,42,DSCF4739.JPG,34.53632354736328,0.9694843888282776,0.028955761343240738,puri-gs-gsplat153-independent-eval-v1,
room,RU,42,DSCF4747.JPG,33.91283416748047,0.9631394743919373,0.045517031103372574,puri-gs-gsplat153-independent-eval-v1,
room,RU,42,DSCF4755.JPG,35.861541748046875,0.9639387130737305,0.043803244829177856,puri-gs-gsplat153-independent-eval-v1,
room,RU,42,DSCF4763.JPG,35.70861053466797,0.9683358669281006,0.027320396155118942,puri-gs-gsplat153-independent-eval-v1,
room,RU,42,DSCF4771.JPG,32.94841003417969,0.9523563385009766,0.056319672614336014,puri-gs-gsplat153-independent-eval-v1,
room,RU,42,DSCF4779.JPG,31.256145477294922,0.958158552646637,0.04348466545343399,puri-gs-gsplat153-independent-eval-v1,
room,RU,42,DSCF4787.JPG,34.51765441894531,0.9412540197372437,0.08325692266225815,puri-gs-gsplat153-independent-eval-v1,
room,RU,42,DSCF4795.JPG,31.901208877563477,0.9514750838279724,0.05060964450240135,puri-gs-gsplat153-independent-eval-v1,
room,RU,42,DSCF4803.JPG,34.95258712768555,0.9668821096420288,0.047409556806087494,puri-gs-gsplat153-independent-eval-v1,
room,RU,42,DSCF4811.JPG,34.25563049316406,0.9661703109741211,0.04792146757245064,puri-gs-gsplat153-independent-eval-v1,
room,RU,42,DSCF4819.JPG,30.73206901550293,0.9555057287216187,0.043713729828596115,puri-gs-gsplat153-independent-eval-v1,
room,RU,42,DSCF4827.JPG,31.929805755615234,0.9509968757629395,0.05034748464822769,puri-gs-gsplat153-independent-eval-v1,
room,RU,42,DSCF4835.JPG,31.02495574951172,0.9193888902664185,0.13457217812538147,puri-gs-gsplat153-independent-eval-v1,
room,RU,42,DSCF4843.JPG,33.94590377807617,0.9553804397583008,0.03402337059378624,puri-gs-gsplat153-independent-eval-v1,
room,RU,42,DSCF4851.JPG,27.93377113342285,0.9181495308876038,0.08521378040313721,puri-gs-gsplat153-independent-eval-v1,
room,RU,42,DSCF4859.JPG,31.12558937072754,0.9392939805984497,0.0778045654296875,puri-gs-gsplat153-independent-eval-v1,
room,RU,42,DSCF4867.JPG,33.747581481933594,0.9619017243385315,0.05558228865265846,puri-gs-gsplat153-independent-eval-v1,
room,RU,42,DSCF4875.JPG,32.17692947387695,0.9493518471717834,0.04651626572012901,puri-gs-gsplat153-independent-eval-v1,
room,RU,42,DSCF4883.JPG,32.27016067504883,0.9434942603111267,0.0738084688782692,puri-gs-gsplat153-independent-eval-v1,
room,RU,42,DSCF4891.JPG,30.874914169311523,0.9239208102226257,0.10976152122020721,puri-gs-gsplat153-independent-eval-v1,
room,RU,42,DSCF4899.JPG,28.595388412475586,0.9200552701950073,0.0787692591547966,puri-gs-gsplat153-independent-eval-v1,
room,RU,42,DSCF4907.JPG,31.842681884765625,0.9187843799591064,0.1172209158539772,puri-gs-gsplat153-independent-eval-v1,
room,RU,42,DSCF4915.JPG,33.243404388427734,0.8970240950584412,0.146717831492424,puri-gs-gsplat153-independent-eval-v1,
room,RU,42,DSCF4923.JPG,30.074939727783203,0.9454177618026733,0.049785029143095016,puri-gs-gsplat153-independent-eval-v1,
room,RU,42,DSCF4931.JPG,30.002840042114258,0.9361358284950256,0.08424355834722519,puri-gs-gsplat153-independent-eval-v1,
room,RU,42,DSCF4939.JPG,27.72312355041504,0.9632190465927124,0.1036946177482605,puri-gs-gsplat153-independent-eval-v1,
room,RU,42,DSCF4947.JPG,26.53562355041504,0.9541427493095398,0.11611884087324142,puri-gs-gsplat153-independent-eval-v1,
room,RU,42,DSCF4955.JPG,24.065046310424805,0.8802359104156494,0.21669577062129974,puri-gs-gsplat153-independent-eval-v1,
room,RU,42,DSCF4963.JPG,31.702974319458008,0.9580486416816711,0.0991063117980957,puri-gs-gsplat153-independent-eval-v1,
room,RU,42,DSCF4971.JPG,30.514362335205078,0.9272868037223816,0.10415466129779816,puri-gs-gsplat153-independent-eval-v1,
garden,B1,42,DSC07956.JPG,24.1024112701416,0.8453713059425354,0.0763835459947586,puri-gs-gsplat153-independent-eval-v1,06e7911a76285db4c4c545cbfa1bdfccf3690764597fe73671f265f305afd35a
garden,B1,42,DSC07964.JPG,23.36778450012207,0.7854909896850586,0.11330132931470871,puri-gs-gsplat153-independent-eval-v1,06e7911a76285db4c4c545cbfa1bdfccf3690764597fe73671f265f305afd35a
garden,B1,42,DSC07972.JPG,28.102739334106445,0.8645491003990173,0.07131242752075195,puri-gs-gsplat153-independent-eval-v1,06e7911a76285db4c4c545cbfa1bdfccf3690764597fe73671f265f305afd35a
garden,B1,42,DSC07980.JPG,25.07693099975586,0.8188932538032532,0.07532074302434921,puri-gs-gsplat153-independent-eval-v1,06e7911a76285db4c4c545cbfa1bdfccf3690764597fe73671f265f305afd35a
garden,B1,42,DSC07988.JPG,20.491300582885742,0.7906038761138916,0.11548779904842377,puri-gs-gsplat153-independent-eval-v1,06e7911a76285db4c4c545cbfa1bdfccf3690764597fe73671f265f305afd35a
garden,B1,42,DSC07996.JPG,27.527175903320312,0.8760552406311035,0.07062607258558273,puri-gs-gsplat153-independent-eval-v1,06e7911a76285db4c4c545cbfa1bdfccf3690764597fe73671f265f305afd35a
garden,B1,42,DSC08004.JPG,29.51488494873047,0.9117624759674072,0.05509992688894272,puri-gs-gsplat153-independent-eval-v1,06e7911a76285db4c4c545cbfa1bdfccf3690764597fe73671f265f305afd35a
garden,B1,42,DSC08012.JPG,29.492870330810547,0.918268084526062,0.05017535015940666,puri-gs-gsplat153-independent-eval-v1,06e7911a76285db4c4c545cbfa1bdfccf3690764597fe73671f265f305afd35a
garden,B1,42,DSC08020.JPG,27.357776641845703,0.8671477437019348,0.06590484082698822,puri-gs-gsplat153-independent-eval-v1,06e7911a76285db4c4c545cbfa1bdfccf3690764597fe73671f265f305afd35a
garden,B1,42,DSC08028.JPG,27.856882095336914,0.872498631477356,0.06918329745531082,puri-gs-gsplat153-independent-eval-v1,06e7911a76285db4c4c545cbfa1bdfccf3690764597fe73671f265f305afd35a
garden,B1,42,DSC08036.JPG,27.647613525390625,0.9011580348014832,0.05982983484864235,puri-gs-gsplat153-independent-eval-v1,06e7911a76285db4c4c545cbfa1bdfccf3690764597fe73671f265f305afd35a
garden,B1,42,DSC08044.JPG,29.293270111083984,0.9073886871337891,0.05277657508850098,puri-gs-gsplat153-independent-eval-v1,06e7911a76285db4c4c545cbfa1bdfccf3690764597fe73671f265f305afd35a
garden,B1,42,DSC08052.JPG,27.668306350708008,0.8682891130447388,0.06995276361703873,puri-gs-gsplat153-independent-eval-v1,06e7911a76285db4c4c545cbfa1bdfccf3690764597fe73671f265f305afd35a
garden,B1,42,DSC08060.JPG,30.20311737060547,0.9039971232414246,0.058978721499443054,puri-gs-gsplat153-independent-eval-v1,06e7911a76285db4c4c545cbfa1bdfccf3690764597fe73671f265f305afd35a
garden,B1,42,DSC08068.JPG,30.37471580505371,0.9010453224182129,0.05560135468840599,puri-gs-gsplat153-independent-eval-v1,06e7911a76285db4c4c545cbfa1bdfccf3690764597fe73671f265f305afd35a
garden,B1,42,DSC08076.JPG,26.58835792541504,0.8363050818443298,0.07071232795715332,puri-gs-gsplat153-independent-eval-v1,06e7911a76285db4c4c545cbfa1bdfccf3690764597fe73671f265f305afd35a
garden,B1,42,DSC08084.JPG,28.019275665283203,0.8513769507408142,0.07165840268135071,puri-gs-gsplat153-independent-eval-v1,06e7911a76285db4c4c545cbfa1bdfccf3690764597fe73671f265f305afd35a
garden,B1,42,DSC08092.JPG,30.241243362426758,0.9170088768005371,0.05919927731156349,puri-gs-gsplat153-independent-eval-v1,06e7911a76285db4c4c545cbfa1bdfccf3690764597fe73671f265f305afd35a
garden,B1,42,DSC08100.JPG,28.878116607666016,0.905459463596344,0.05814213678240776,puri-gs-gsplat153-independent-eval-v1,06e7911a76285db4c4c545cbfa1bdfccf3690764597fe73671f265f305afd35a
garden,B1,42,DSC08108.JPG,30.02659797668457,0.9142938852310181,0.06074191629886627,puri-gs-gsplat153-independent-eval-v1,06e7911a76285db4c4c545cbfa1bdfccf3690764597fe73671f265f305afd35a
garden,B1,42,DSC08116.JPG,29.96236228942871,0.8997399210929871,0.05936048924922943,puri-gs-gsplat153-independent-eval-v1,06e7911a76285db4c4c545cbfa1bdfccf3690764597fe73671f265f305afd35a
garden,B1,42,DSC08124.JPG,26.108720779418945,0.8427488207817078,0.08100246638059616,puri-gs-gsplat153-independent-eval-v1,06e7911a76285db4c4c545cbfa1bdfccf3690764597fe73671f265f305afd35a
garden,B1,42,DSC08132.JPG,27.884647369384766,0.8683803081512451,0.06316495686769485,puri-gs-gsplat153-independent-eval-v1,06e7911a76285db4c4c545cbfa1bdfccf3690764597fe73671f265f305afd35a
garden,B1,42,DSC08140.JPG,29.41439437866211,0.9071260690689087,0.051702938973903656,puri-gs-gsplat153-independent-eval-v1,06e7911a76285db4c4c545cbfa1bdfccf3690764597fe73671f265f305afd35a
garden,RU,42,DSC07956.JPG,20.617063522338867,0.8191033005714417,0.11606565117835999,puri-gs-gsplat153-independent-eval-v1,e198d8af74eaed8c8b7da8d97e75b891102b2f4cbb5b548c7dc23207cae915a9
garden,RU,42,DSC07964.JPG,17.412996292114258,0.7296310663223267,0.18938909471035004,puri-gs-gsplat153-independent-eval-v1,e198d8af74eaed8c8b7da8d97e75b891102b2f4cbb5b548c7dc23207cae915a9
garden,RU,42,DSC07972.JPG,28.032440185546875,0.854310154914856,0.08261558413505554,puri-gs-gsplat153-independent-eval-v1,e198d8af74eaed8c8b7da8d97e75b891102b2f4cbb5b548c7dc23207cae915a9
garden,RU,42,DSC07980.JPG,24.634031295776367,0.803408145904541,0.0933494046330452,puri-gs-gsplat153-independent-eval-v1,e198d8af74eaed8c8b7da8d97e75b891102b2f4cbb5b548c7dc23207cae915a9
garden,RU,42,DSC07988.JPG,14.080384254455566,0.7426926493644714,0.18715116381645203,puri-gs-gsplat153-independent-eval-v1,e198d8af74eaed8c8b7da8d97e75b891102b2f4cbb5b548c7dc23207cae915a9
garden,RU,42,DSC07996.JPG,23.671916961669922,0.8435931205749512,0.1070796325802803,puri-gs-gsplat153-independent-eval-v1,e198d8af74eaed8c8b7da8d97e75b891102b2f4cbb5b548c7dc23207cae915a9
garden,RU,42,DSC08004.JPG,29.666240692138672,0.9024505019187927,0.07029242068529129,puri-gs-gsplat153-independent-eval-v1,e198d8af74eaed8c8b7da8d97e75b891102b2f4cbb5b548c7dc23207cae915a9
garden,RU,42,DSC08012.JPG,28.936643600463867,0.9080361723899841,0.06111840158700943,puri-gs-gsplat153-independent-eval-v1,e198d8af74eaed8c8b7da8d97e75b891102b2f4cbb5b548c7dc23207cae915a9
garden,RU,42,DSC08020.JPG,26.626514434814453,0.8551235795021057,0.08195844292640686,puri-gs-gsplat153-independent-eval-v1,e198d8af74eaed8c8b7da8d97e75b891102b2f4cbb5b548c7dc23207cae915a9
garden,RU,42,DSC08028.JPG,26.520431518554688,0.8549792766571045,0.09027048945426941,puri-gs-gsplat153-independent-eval-v1,e198d8af74eaed8c8b7da8d97e75b891102b2f4cbb5b548c7dc23207cae915a9
garden,RU,42,DSC08036.JPG,27.586219787597656,0.8884024024009705,0.07688090205192566,puri-gs-gsplat153-independent-eval-v1,e198d8af74eaed8c8b7da8d97e75b891102b2f4cbb5b548c7dc23207cae915a9
garden,RU,42,DSC08044.JPG,28.972068786621094,0.8957559466362,0.06609899550676346,puri-gs-gsplat153-independent-eval-v1,e198d8af74eaed8c8b7da8d97e75b891102b2f4cbb5b548c7dc23207cae915a9
garden,RU,42,DSC08052.JPG,27.057889938354492,0.855674147605896,0.08602649718523026,puri-gs-gsplat153-independent-eval-v1,e198d8af74eaed8c8b7da8d97e75b891102b2f4cbb5b548c7dc23207cae915a9
garden,RU,42,DSC08060.JPG,29.7258358001709,0.8885684609413147,0.07732947170734406,puri-gs-gsplat153-independent-eval-v1,e198d8af74eaed8c8b7da8d97e75b891102b2f4cbb5b548c7dc23207cae915a9
garden,RU,42,DSC08068.JPG,30.478389739990234,0.8933749198913574,0.06943830847740173,puri-gs-gsplat153-independent-eval-v1,e198d8af74eaed8c8b7da8d97e75b891102b2f4cbb5b548c7dc23207cae915a9
garden,RU,42,DSC08076.JPG,26.441513061523438,0.8258745670318604,0.0882941335439682,puri-gs-gsplat153-independent-eval-v1,e198d8af74eaed8c8b7da8d97e75b891102b2f4cbb5b548c7dc23207cae915a9
garden,RU,42,DSC08084.JPG,27.980487823486328,0.8436231017112732,0.08870398253202438,puri-gs-gsplat153-independent-eval-v1,e198d8af74eaed8c8b7da8d97e75b891102b2f4cbb5b548c7dc23207cae915a9
garden,RU,42,DSC08092.JPG,30.384153366088867,0.9036810994148254,0.07550254464149475,puri-gs-gsplat153-independent-eval-v1,e198d8af74eaed8c8b7da8d97e75b891102b2f4cbb5b548c7dc23207cae915a9
garden,RU,42,DSC08100.JPG,28.601329803466797,0.8929087519645691,0.07671980559825897,puri-gs-gsplat153-independent-eval-v1,e198d8af74eaed8c8b7da8d97e75b891102b2f4cbb5b548c7dc23207cae915a9
garden,RU,42,DSC08108.JPG,29.476070404052734,0.8988610506057739,0.0822988897562027,puri-gs-gsplat153-independent-eval-v1,e198d8af74eaed8c8b7da8d97e75b891102b2f4cbb5b548c7dc23207cae915a9
garden,RU,42,DSC08116.JPG,29.65359878540039,0.8874205946922302,0.07519039511680603,puri-gs-gsplat153-independent-eval-v1,e198d8af74eaed8c8b7da8d97e75b891102b2f4cbb5b548c7dc23207cae915a9
garden,RU,42,DSC08124.JPG,26.339637756347656,0.8369186520576477,0.0889834463596344,puri-gs-gsplat153-independent-eval-v1,e198d8af74eaed8c8b7da8d97e75b891102b2f4cbb5b548c7dc23207cae915a9
garden,RU,42,DSC08132.JPG,27.66530418395996,0.8556900024414062,0.07925650477409363,puri-gs-gsplat153-independent-eval-v1,e198d8af74eaed8c8b7da8d97e75b891102b2f4cbb5b548c7dc23207cae915a9
garden,RU,42,DSC08140.JPG,29.052566528320312,0.8952431082725525,0.06213747709989548,puri-gs-gsplat153-independent-eval-v1,e198d8af74eaed8c8b7da8d97e75b891102b2f4cbb5b548c7dc23207cae915a9
